Air Circulation,???? ????????
General,??????? ???????
Historical Significance,???????? ?????
M Bloom,????? ??????
M Botanical Name,????????? ???
M Care,??????
M Common Name,???????  ???
M Common Problem 2,??????? ?????????
M Common Problems,??????? ?????????
M Comparsion,?????
M Container,?????
M Family,??????
M Features,???????
M Fertilizer,??????
M Flower/Bloom Color,????? ???
M Gardening Tips,??????? ?????????
M Growing,
M Hardiness,
M Harvesting,????
M How to Get,
M How to Plant,
M Identification,?????
M Landscape,????????
M Light,
M Mature Size,??????? ????
M Moving,
M Native Area,??? ???????
M Origin of Name,
M Overwintering,
M Plant Type,
M Potting,
M Propagating,
M Removal,
M Size,????
M Soil Type and Ph,
M Sun,
M Temperature,
M Toxic,?????????
M Type,
M Uses,????? 
M Varieties,
M Water,
M When to Bring Inside,
M Zones,
M pruning,?????
Where It's Found,
